Passage,Q1,Q2,Q3,Q4,Q5,A1,A2,A3,A4,A5,Q1_E,Q2_E,Q3_E,Q4_E,Q5_E
"संसार में शांति, व्यवस्था और सद्भावना के प्रसार के लिए बुद्ध, ईसा मसीह, मुहम्मद चैतन्य, नानक आदि महापुरुषों ने धर्म के माध्यम से मनुष्य को परम कल्याण के पथ का निर्देश किया, किंतु बाद में यही धर्म मनुष्य के हाथ में एक अस्त्र बन गया। धर्म के नाम पर पृथ्वी पर जितना रक्तपात हुआ उतना और किसी कारण से नहीं। पर धीरे-धीरे मनुष्य अपनी शुभ बुधि से धर्म के कारण होने वाले अनर्थ को समझने लग गया है। भौगोलिक सीमा और धार्मिक विश्वासजनित भेदभाव अब धरती से मिटते जा रहे हैं। विज्ञान की प्रगति तथा संचार के साधनों में वृद्धि के कारण देशों की दूरियाँ कम हो गई हैं। इसके कारण मानव-मानव में घृणा, ईष्र्या वैमनस्य कटुता में कमी नहीं आई। मानवीय मूल्यों के महत्त्व के प्रति जागरूकता उत्पन्न करने का एकमात्र साधन है शिक्षा का व्यापक प्रसार।","मनुष्य अधर्म के कारण होने वाले अनर्थ को कैसे समझने लगा है
(i) संतों के अनुभव से
(ii) वर्ण भेद से
(iii) घृणा, ईर्ष्या, वैमनस्य, कटुता से
(iv) अपनी शुभ बुधि से","विज्ञान की प्रगति और संचार के साधनों की वृद्धि का परिणाम क्या हुआ है|
(i) देशों में भिन्नता बढ़ी है।
(ii) देशों में वैमनस्यता बढ़ी है।
(iii) देशों की दूरियाँ कम हुई है।
(iv) देशों में विदेशी व्यापार बढ़ा है।","देश में आज भी कौन-सी समस्या है
(i) नफ़रत की
(ii) वर्ण-भेद की
(iii) सांप्रदायिकता की
(iv) अमीरी-गरीबी की","किस कारण से देश में मानव के बीच, घृणा, ईष्र्या, वैमनस्यता एवं कटुता में कमी नहीं आई है?
(i) नफ़रत से
(ii) सांप्रदायिकता से
(iii) अमीरी गरीबी के कारण
(iv) वर्ण-भेद के कारण","मानवीय मूल्यों के महत्त्व के प्रति जागरूकता उत्पन्न करने का एकमात्र साधन है
(i) शिक्षा का व्यापक प्रसार
(ii) धर्म का व्यापक प्रसार
(ii) प्रेम और सद्भावना का व्यापक प्रसार
(iv) उपर्युक्त सभी",4,3,2,4,1,"How has man come to understand the disaster caused by unrighteousness?
(i) From the experience of saints
(ii) By caste difference
(iii) From hatred, jealousy, animosity, bitterness
(iv) With his good wisdom","What has been the result of the progress of science and the increase in the means of communication?""
(i) Variation among countries has increased.
(ii) Animosity has increased among the countries.
(iii) Distances between countries have reduced.
(iv) Foreign trade has increased among the countries.","What problem is there in the country even today?
(i) hated
(ii) caste discrimination
(iii) Of communalism
(iv) Of wealth and poverty","For what reason has there been no reduction in hatred, jealousy, animosity and bitterness among human beings in the country?
(i) with hatred
(ii) Communalism
(iii) Due to wealth and poverty
(iv) Due to caste discrimination","The only means of creating awareness of the importance of human values ​​is
(i) Wide spread of education
(ii) Wide spread of religion
(ii) Wide spread of love and goodwill
(iv) All of the above"
"संघर्ष के मार्ग में अकेला ही चलना पड़ता है। कोई बाहरी शक्ति आपकी सहायता नहीं करती है। परिश्रम, दृढ़ इच्छा शक्ति व लगन आदि मानवीय गुण व्यक्ति को संघर्ष करने और जीवन में सफलता प्राप्त करने का मार्ग प्रशस्त करते हैं। दो महत्त्वपूर्ण तथ्य स्मरणीय है – प्रत्येक समस्या अपने साथ संघर्ष लेकर आती है। प्रत्येक संघर्ष के गर्भ में विजय निहित रहती है। एक अध्यापक छोड़ने वाले अपने छात्रों को यह संदेश दिया था – तुम्हें जीवन में सफल होने के लिए समस्याओं से संघर्ष करने को अभ्यास करना होगा। हम कोई भी कार्य करें, सर्वोच्च शिखर पर पहुँचने का संकल्प लेकर चलें। सफलता हमें कभी निराश नहीं करेगी। समस्त ग्रंथों और महापुरुषों के अनुभवों को निष्कर्ष यह है कि संघर्ष से डरना अथवा उससे विमुख होना अहितकर है, मानव धर्म के प्रतिकूल है और अपने विकास को अनावश्यक रूप से बाधित करना है। आप जागिए, उठिए दृढ़-संकल्प और उत्साह एवं साहस के साथ संघर्ष रूपी विजय रथ पर चढ़िए और अपने जीवन के विकास की बाधाओं रूपी शत्रुओं पर विजय प्राप्त कीजिए।","मनुष्य को संघर्ष करने और जीवन में सफलता प्राप्त करने का मार्ग प्रशस्त करते हैं
(i) निर्भीकता, साहस, परिश्रम
(ii) परिश्रम, लगन, आत्मविश्वास
(iii) साहस, दृढ़ इच्छाशक्ति, परिश्रम
(iv) परिश्रम, दृढ़ इच्छा शक्ति व लगन","प्रत्येक समस्या अपने साथ लेकर आती है–
(i) संघर्ष
(ii) कठिनाइयाँ
(iii) चुनौतियाँ
(iv) सुखद परिणाम","समस्त ग्रंथों और अनुभवों का निष्कर्ष है
(i) संघर्ष से डरना या विमुख होना अहितकर है।
(ii) मानव-धर्म के प्रतिकूल है।
(iii) अपने विकास को बाधित करना है।
(iv) उपर्युक्त सभी","‘मानवीय’ शब्द में मूल शब्द और प्रत्यय है
(i) मानवी + य
(ii) मानव + ईय
(iii) मानव + नीय
(iv) मानव + इय","संघर्ष रूपी विजय रथ पर चढ़ने के लिए आवश्यक है
(i) दृढ़ संकल्प, निडरता और धैर्य
(ii) दृढ़ संकल्प, उत्साह एवं साहस
(iii) दृढ़ संकल्प, आत्मविश्वास और साहस
(iv) दृढ़ संकल्प, उत्तम चरित्र एवं साहस",4,1,4,2,2,"pave the way for man to struggle and achieve success in life
(i) Boldness, courage, hard work
(ii) Hard work, dedication, confidence
(iii) Courage, strong will, hard work
(iv) Hard work, strong will power and dedication.","Every problem brings with it –
(i) conflict
(ii) difficulties
(iii) Challenges
(iv) pleasant results","The conclusion of all texts and experiences is
(i) Being afraid or averse to conflict is harmful.
(ii) It is against human religion.
(iii) To hinder its development.
(iv) All of the above","The word ‘human’ has the root word and the suffix
(i) Human + y
(ii) Human + Eey
(iii) Human + near
(iv) human + iya","To climb the victory chariot of struggle it is necessary
(i) Determination, fearlessness and patience
(ii) Determination, enthusiasm and courage
(iii) Determination, confidence and courage
(iv) Determination, good character and courage"
"कार्य का महत्त्व और उसकी सुंदरता उसके समय पर संपादित किए जाने पर ही है। अत्यंत सुघड़ता से किया हुआ कार्य भी यदि आवश्यकता के पूर्व न पूरा हो सके तो उसका किया जाना निष्फले ही होगा। चिड़ियों द्वारा खेत चुग लिए जाने पर यदि रखवाला उसकी सुरक्षा की व्यवस्था करे तो सर्वत्र उपहास का पात्र ही बनेगा।

उसके देर से किए गए उद्यम का कोई मूल्य नहीं होगा। श्रम का गौरव तभी है जब उसका लाभ किसी को मिल सके। इसी कारण यदि बादलों द्वारा बरसाया गया जल कृषक की फ़सल को फलने-फूलने में मदद नहीं कर सकता तो उसका बरसना व्यर्थ ही है। अवसर का सदुपयोग न करने वाले व्यक्ति को इसी कारण पश्चाताप करना पड़ता है।","जीवन में समय का महत्त्व क्यों है?
(i) समय काम के लिए प्रेरणा देता है।
(ii) समय की परवाह लोग नहीं करते।
(iii) समय पर किया गया काम सफल होता है।
(iv) समय बड़ा ही बलवान है।","खेत का रखवाला उपहास का पात्र क्यों बनता है?
(i) खेत में पौधे नहीं उगते।
(ii) समय पर खेत की रखवाली नहीं करता।
(iii) चिड़ियों का इंतजार करता रहता है।
(iv) खेत पर मौजूद नहीं रहता।।","चिड़ियों द्वारा खेत चुग लिए जाने पर यदि रखवाला उसकी सुरक्षा की व्यवस्था करे तो सर्वत्र उपहास का पात्र ही बनेगा। इस पदबंध का प्रकार होगा
(i) संज्ञा
(ii) सर्वनाम
(iii) क्रिया
(iv) क्रियाविशेषण","बादल का बरसना व्यर्थ है, यदि
(i) गरमी शांत न हो।
(ii) फ़सल को लाभ न पहुँचे
(iii) किसान प्रसन्न न हो
(iv) नदी-तालाब न भर जाएँ","गद्यांश का मुख्य भाव क्या है?
(i) बादल का बरसना
(ii) चिड़ियों द्वारा खेत का चुगना
(iii) किसान का पछतावा करना
(iv) समय का सदुपयोग",3,2,1,2,4,"Why is time important in life?
(i) Time provides inspiration for work.
(ii) People do not care about time.
(iii) Work done on time is successful.
(iv) Time is very powerful.","Why does the keeper of the field become an object of ridicule?
(i) Plants do not grow in the fields.
(ii) Does not take care of the field on time.
(iii) Keeps waiting for the birds.
(iv) Is not present on the farm.","If the keeper makes arrangements for the protection of the fields after the birds have eaten them, he will become an object of ridicule everywhere. The type of this phrase will be
(i) noun
(ii) Pronoun
(iii) action
(iv) Adverb","It is useless for the clouds to rain, if
(i) The heat does not subside.
(ii) The crop does not benefit
(iii) The farmer is not happy
(iv) Rivers and ponds should not be filled.","What is the main idea of ​​the passage?
(i) Raining of clouds
(ii) Birds pecking the fields
(iii) Remorse of the farmer
(iv) good use of time"
" मानव जाति को अन्य जीवधारियों से अलग करके महत्त्व प्रदान करने वाला जो एकमात्र गुरु है, वह है उसकी विचार-शक्ति। मनुष्य के पास बुधि है, विवेक है, तर्कशक्ति है अर्थात उसके पास विचारों की अमूल्य पूँजी है। अपने सविचारों की नींव पर ही आज मानव ने अपनी श्रेष्ठता की स्थापना की है और मानव-सभ्यता का विशाल महल खड़ा किया है। यही कारण है कि विचारशील मनुष्य के पास जब सविचारों का अभाव रहता है तो उसका वह शून्य मानस कुविचारों से ग्रस्त होकर एक प्रकार से शैतान के वशीभूत हो जाता है। मानवी बुधि जब सद्भावों से प्रेरित होकर कल्याणकारी योजनाओं में प्रवृत्त रहती है तो उसकी सदाशयता का कोई अंत नहीं होता, किंतु जब वहाँ कुविचार अपना घर बना लेते हैं तो उसकी पाशविक प्रवृत्तियाँ उस पर हावी हो उठती हैं। हिंसा और पापाचार का दानवी साम्राज्य इस बात का द्योतक है कि मानव की विचार-शक्ति, जो उसे पशु बनने से रोकती है, उसका साथ देती है।","मानव जाति को महत्त्व देने में किसका योगदान है?
(i) शारीरिक शक्ति का
(ii) परिश्रम और उत्साह का
(iii) विवेक और विचारों का
(iv) मानव सभ्यता का
","विचारों की पूँजी में शामिल नहीं है
(i) उत्साह
(ii) विवेक
(iii) तर्क
(iv) बुधि","मानव में पाशविक प्रवृत्तियाँ क्यों जागृत होती हैं?
(i) हिंसाबुधि के कारण
(ii) असत्य बोलने के कारण
(iii) कुविचारों के कारण
(iv) स्वार्थ के कारण","“मनुष्य के पास बुधि है, विवेक है, तर्कशक्ति है’ रचना की दृष्टि से उपर्युक्त वाक्य है
(i) सरल
(ii) संयुक्त
(iii) मिश्र
(iv) जटिल","गद्यांश का उपयुक्त शीर्षक हो सकता है
(i) मनुष्य का गुरु
(ii) विवेक शक्ति
(iii) दानवी शक्ति
(iv) पाशविक प्रवृत्ति",3,1,3,1,2,"Who has contributed in giving importance to mankind?
(i) of physical strength
(ii) Hard work and enthusiasm
(iii) of conscience and thoughts
(iv) of human civilization","The capital of ideas does not include
(i) enthusiasm
(ii) prudence
(iii) logic
(iv) intelligence","Why do animalistic tendencies awaken in humans?
(i) Due to violent intelligence
(ii) Due to speaking untruth
(iii) Due to bad thoughts
(iv) Due to selfishness","Man has intelligence, discretion, reasoning power', the above sentence is from the point of view of composition
(i) simple
(ii) joint
(iii) Mishra
(iv) complex","The piece of prose might be aptly titled.""
(i) The master of man
(ii) Power of discretion
(iii) Demonic power
(iv) brutal tendencies"
"बातचीत करते समय हमें शब्दों के चयन पर विशेष ध्यान देना चाहिए, क्योंकि सम्मानजनक शब्द व्यक्ति को उदात्त एवं महान बनाते हैं। बातचीत को सुगम एवं प्रभावशाली बनाने के लिए सदैव प्रचलित भाषा का ही प्रयोग करना चाहिए। अत्यंत साहित्यिक एवं क्लिष्ट भाषा के प्रयोग से कहीं ऐसा न हो कि हमारा व्यक्तित्व चोट खा जाए। बातचीत में केवल विचारों का ही आदानप्रदान नहीं होता, बल्कि व्यक्तित्व का भी आदान-प्रदान होता है। अतः शिक्षक वर्ग को शब्दों का चयन सोच-समझकर करना चाहिए। शिक्षक वास्तव में एक अच्छा अभिनेता होता है, जो अपने व्यक्तित्व, शैली, बोलचाल और हावभाव से विद्यार्थियों का ध्यान अपनी ओर आकर्षित करता है और उन पर अपनी छाप छोड़ता है।","शिक्षक होता है
(i) राजनेता
(ii) साहित्यकार
(iii) अभिनेता
(iv) कवि"," बातचीत में किस प्रकार की भाषा का प्रयोग करना चाहिए?
(i) अप्रचलित
(ii) प्रचलित
(iii) क्लिष्ट
(iv) रहस्यमयी","शिक्षक वर्ग को बोलना चाहिए?
(i) सोच-समझकर
(ii) ज्यादा
(iii) बिना सोचे-समझे
(iv) तुरंत"," बातचीत में आदान-प्रदान होता है–
(i) केवल विचारों का
(ii) केवल भाषा का
(ii) केवल व्यक्तित्व का
(iv) विचारों एवं व्यक्तित्व का","उपर्युक्त गद्यांश का उचित शीर्षक है
(i) बातचीत की कला
(ii) शब्दों का चयन
(iii) साहित्यिक भाषा
(iv) व्यक्तित्व का प्रभाव",3,3,1,4,2,"A teacher is
(i) Politician
(ii) litterateur
(iii) actor
(iv) Poet","What kind of language should be used in conversation?
(i) obsolete
(ii) prevalent
(iii) difficult
(iv) mysterious","Should the teachers speak?
(i) thoughtfully
(ii) more
(iii) without thinking
(iv) immediately","In conversation there is exchange-
(i) Only of thoughts
(ii) Only of language
(ii) Only of personality
(iv) Of thoughts and personality","The appropriate title of the above passage is
(i) Art of conversation
(ii) Selection of words
(iii) Literary language
(iv) Influence of personality"
"मनुष्य को चाहिए कि संतुलित रहकर अति के मार्गों का त्यागकर मध्यम मार्ग को अपनाए। अपने सामर्थ्य की पहचान कर उसकी सीमाओं के अंदर जीवन बिताना एक कठिन कला है। सामान्य पुरुष अपने अहं के वशीभूत होकर अपना मूल्यांकन अधिक कर बैठता है और इसी के फलस्वरूप वह उन कार्यों में हाथ लगा देता है जो उसकी शक्ति में नहीं हैं। इसलिए सामर्थ्य से अधिक व्यय करने वालों के लिए कहा जाता है कि ‘तेते पाँव पसारिए, जेती लांबी सौर’। उन्हीं के लिए कहा गया है कि अपने सामर्थ्य , को विचार कर उसके अनुरूप कार्य करना और व्यर्थ के दिखावे में स्वयं को न भुला देना एक कठिन साधना तो अवश्य है, पर सबके लिए यही मार्ग अनुकरणीय है","अति का मार्ग क्या होता है?
(i) असंतुलित माग
(ii) संतुलित मार्ग
(iii) अमर्यादित मार्ग
(iv) मध्यम मार्ग
","कठिन कला क्या है?
(i) सामर्थ्य के बिना सीमारहित जीवन बिताना
(ii) सामर्थ्य को बिना पहचाने जीवन बिताना
(iii) सामर्थ्य की सीमा में जीवन बिताना
(iv) सामर्थ्य न होने पर भी जीवन बिताना","मनुष्य अहं के वशीभूत होकर
(i) अपने को महत्त्वहीन समझ लेता है।
(ii) किसी को महत्त्व देना छोड़ देता है।
(iii) अपना सर्वस्व खो बैठता है।
(iv) अपना अधिक मूल्यांकन कर बैठता है।","“तेते पाँव पसारिए, जेती लांबी सौर’ का आशय है
(i) सामर्थ्य के अनुसार कार्य न करना
(ii) सामर्थ्य के अनुसार कार्य करना
(iii) व्यर्थ का दिखावा करना
(iv) आय से अधिक व्यय करना","प्रस्तुत गद्यांश का शीर्षक हो सकता है
(i) आय के अनुसार व्यय
(ii) दिखावे में जीवन बिताना
(iii) सामर्थ्य से अधिक व्यय करना
(iv) सामर्थ्य के अनुसार कार्य करना",3,3,4,2,4,"What is the path of extreme?
(i) unbalanced demand
(ii) Balanced path
(iii) Unlimited path
(iv) Middle path","What is hard art?
(i) Living a limitless life without power
(ii) Living life without recognizing potential
(iii) To live within the limits of one's capacity
(iv) To live despite not being able to do so.","Man under the influence of ego
(i) Considers himself unimportant.
(ii) Stops giving importance to someone.
(iii) He loses everything.
(iv) Overestimates himself.","Tete paan pasariye, jeti lambi saur' means
(i) Not working as per capacity
(ii) To work as per capability
(iii) To show off in vain
(iv) Expenditure in excess of income","The title of the presented passage may be
(i) Expenditure according to income
(ii) Living life in pretense
(iii) Spending more than one can afford
(iv) To work as per capability"
हर बड़ा साहित्यकार साहित्य और विशेषकर शब्द की गरिमा और मर्यादा पर लड़ने-मरने को तैयार रहता हैं। बच्चन जी के साथ भी कुछ ऐसा ही है। बच्चन जी ने जितना आदर अपने साहित्य का किया उतना ही भारत तथा विदेशों के साहित्य का भी किया। इसलिए समय-समय पर अनुवाद संबंधी नीति बनाते हुए उन्होंने भाषा की गरिमा बनाए रखने पर बहुत बल दिया। उनका कहना था कि अंग्रेजी का अनुवाद बाजारू स्तर की हिंदी में माँगना हिंदी के साथ अन्याय करना है। जब-जब हिंदी अंग्रेजी के स्तर तक उठने की कोशिश करती है तो उस पर तुरंत दोष लगाया जाता है कि वह कठिन और क्लिष्ट है तथा जब वह उससे घबराकर अति सरलता की और जाती है. तो उसे अपरिपक्व कह दिया जाता है। बच्चन जी ने अपने गद्य और पद्य दोनों में ही एक सुंदर सुगठित और सरल हिंदी का प्रयोग करके यह सिद्ध कर दिया कि आवश्यकता के अनुसार संस्कृत की ओर झुकती हिंदी भी लोकप्रिय और लोकरंजक हो सकती है।," गद्यांश के अनुसार बच्चन जी के विषय में कौन-सा कथन सत्य है?

(क) वे केवल अपने साहित्य का ही आदर करते थे।

(ख) वे केवल विदेशी साहित्य का ही आदर करते थे।

(ग) में जितना आदर अपने साहित्य का करते थे उतना ही आदर भारत तथा विदेशों के साहित्य का भी करते थे।

(घ) इनमें से कोई नहीं।","अनुवाद संबंधी नीति बनाते समय बच्चन जी ने किस बात पर अधिक बल दिया? (

(क) अपने साहित्य के प्रचार-प्रसार पर

(ख) विदेशी साहित्य के प्रचार पर

(ग) आम बोल-चाल की भाषा के प्रयोग पर

(घ) भाषा की गरिमा बनाए रखने पर","अंग्रेजी से हिंदी में अनुवाद किए जाने के संदर्भ में बच्चन जी क्या चाहते थे?

(अ) अनुवाद विपणन योग्य हिंदी में होना चाहिए

(ख) अनुवाद विपणन योग्य हिन्दी में कतई नहीं होना चाहिए

(ग) अनुवाद किया ही न जाए

(घ) इनमें से कोई नहीं","बच्चन जी के अनुसार किस प्रकार की हिंदी लोकप्रिय और लोकरंजक हो सकती है?

(क) आम बोलचाल की

(ख) उर्दू से प्रभावित हिंदी

(ग) संस्कृत की ओर झुकती हिंदी

(घ) इनमें से कोई नहीं","लोकप्रिय' अर्थात 'लोक का प्रिय' में कौन-सा समास है?

(ए) कर्म पुरुष

(ख) संबंध तत्पुरुष

(सी) स्थानांतरण तत्पुरुष

(घ) इनमें से कोई नहीं",3,4,2,3,2,"According to the passage, which statement about Bachchan ji is true?

(a) He respected only his literature.

(b) He respected only foreign literature.

(c) He respected the literature of India and abroad as much as he respected his own literature.

(d) None of these.","What did Bachchan ji give more emphasis to while making the translation policy? (

(a) On promotion of our literature

(b) On promotion of foreign literature

(c) On the use of colloquial language

(d) On maintaining the dignity of language.","What did Bachchan ji want in terms of translation from English to Hindi?

(a) The translation should be in marketable Hindi.

(b) The translation should definitely not be in marketable Hindi.

(c) should not be translated

(d) none of these","According to Bachchan ji, what kind of Hindi can be popular and popular?

(a) colloquial

(b) Hindi influenced by Urdu

(c) Hindi leaning towards Sanskrit

(d) none of these","What is the compound in 'Lokpriya' i.e. 'beloved of the people'?

(A) Karma Purusha

(b) Relationship Tatpurusha

(c) Transfer Tatpurusha

(d) none of these"
"संसार में अमरता ऐसे ही लोगों को मिलती है जो अपने पीछे कुछ आदर्श छोड़ जाते हैं. जिनका स्थायी मूल्य होता है। अधिकतर यही देखा गया है कि ऐसे व्यक्ति संपन्न परिवार में बहुत कम पैदा होते हैं। अधिकांश ऐसे लोगों का जन्म मध्यम वर्ग या गरीब परिवारों में ही होता है।मनुष्य में विनय उदारता कष्ट-सहिष्णुता साहस आदि चारित्रिक गुणों का विकास अत्यावश्यक है। ये गुण व्यक्ति के जीवन को अहंकारहीन तथा सादा-सरल बनाते हैं। जीवन में सादगी लाने के लिए दो बातें विशेष रूप से करणीय है-प्रथम कठिन से कठिन परिस्थितियों में धैर्य को न छोड़ना, द्वितीय अपनीआवश्यकताओं को न्यूनतम बनाना। सादगी का विचारों से भी घनिष्ठ संबंध है। हमें सादा जीवन व्यतीत करना चाहिए और अपने विचारों को उच्च बनाए रखना चाहिए। व्यक्ति की सच्ची पहचान उसके विचारों और करनी से होती है। मनुष्य के विचार उसके आचरण पर प्रभाव डालते हैं और उसके विवेक को जाग्रत रखते हैं। विवेकशील व्यक्ति ही अपनी आवश्यकताओं को सीमित रखता है। सादा जीवन व्यतीत करनेवाले व्यक्ति को भी कभी हतप्रभ होकर अपने आत्मसम्मान पर आँच नहीं आने देनी चाहिए। सादगी मनुष्य के चरित्र का अंग है वह बाहरी चीज नहीं है।"," संसार में कौन लोग अमर हो पाते हैं?

(क) जिनकी कभी मृत्यु नहीं होती।

(ख) जो गरीब परिवार में जन्म लेते हैं।

(ग) जो अपने पीछे कुछ आदर्श छोड़ जाते हैं।

(घ) इनमें से कोई नहीं।"," संसार में जो अमरत्व प्राप्त करते हैं, उनमें से अधिकांश का जन्म प्रायः-

(क) संपन्न परिवार में होता है।

(ख) उच्च जाति में होता है।

(ग) मध्यम वर्ग या गरीब परिवार में होता है।

(घ) इनमें से कोई नहीं।","चारित्रिक विकास के लिए निम्नलिखित में से कौन-सा गुण आवश्यक नहीं है?

(क) विनय (ख) कष्ट-सहिष्णुता (ग) गरीब होना (घ) साहस
","सादगी का संबंध निम्नलिखित में से किसके साथ है?

ए) गरीबी से

(ख) इच्छा से

(ग) विचारों से

(घ) सादा वस्त्र पहनने से
","मनुष्य की सच्ची पहचान उसके किन गुणों से होती है?

(क) उसके विचारों एवं करनी से

(ख) कथनी एवं करनी से

(ग) विचार और विवेक से

(घ) इनमें से कोई नहीं",3,3,3,3,1,"Who in this world can become immortal?

(a) Those who never die.

(b) Those who are born in a poor family.

(c) Who leave behind some ideals.

(d) None of these.","Most of those who attain immortality in this world are generally born in-

(a) Happens in a prosperous family.

(b) Belongs to higher caste.

(c) Occurs in middle class or poor family.

(d) None of these.","Which of the following qualities is not essential for character development?

(a) Modesty (b) Toleration of suffering (c) Being poor (d) Courage","Simplicity is related to which of the following?

A) from poverty

(b) willingly

(c) from thoughts

(d) by wearing simple clothes","By which qualities is a man's true identity determined?

(a) From his thoughts and actions

(b) by words and actions

(c) with consideration and discretion

(d) none of these"
"मैं सोचता हूँ स्त्रियों के पास एक महान शक्ति सोई हुई है। दुनिया की आधी से बड़ी ताकत उनके पास है। आधी तो इसलिए कहता हूँ कि दुनिया में स्त्रियाँ आधी तो हैं ही। आधी से बड़ी इसलिए कि बच्चे उनकी छाया में पलते हैं। अतः वे जैसा चाहें वैसा उनके व्यक्तित्व का निर्माण कर सकती हैं। पुरुष के हाथ में चाहे जितनी ताकत हो, लेकिन वह एक दिन स्त्री की गोद में होता है वहीं से वह अपनी यात्रा शुरू करता है। जहाँ भी प्रेम करुणा और दया है वहाँ स्त्री मौजूद है। इसलिए मैं कहता हूँ कि स्त्री के पास आधी से भी बड़ी ताकत है और वह पाँच हजार वर्षों से बिलकुल सोई हुई है। नारी की शक्ति का कोई उपयोग नहीं हो सका है। भविष्य में यह उपयोग हो सकता है। उपयोग होने का एक सूत्र यही है कि स्त्रियाँ यह तय कर लें कि उन्हें पुरुषों जैसा नहीं बनना है।
","स्त्रियों के विषय में लेखक क्या सोचते हैं?

(क) स्त्रियाँ कमजोर होती हैं।

(ग) स्त्रियों पर विश्वास नहीं किया जा सकता।

(ख) स्त्रियों के पास महान शक्ति सोई हुई है।

(घ) इनमें से कोई नहीं।
","दुनिया की आधी से बड़ी ताकत स्त्रियों के पास किस प्रकार है?

(क) विश्व में स्त्रियों की संख्या आधी से अधिक है।

(ख) स्त्रियों के साथ बच्चे भी होते हैं और वे बच्चों को अपने अनुसार परिवर्तित कर सकती हैं।

(ग) स्त्रियाँ अधिक समझदार होती हैं।

(घ) इनमें से कोई नहीं।","पुरुष एक दिन स्त्री की गोद में होता है।' पंक्ति का अर्थ है-

(क) जन्म लेने के बाद पुरुष बालक के रूप में किसी न किसी स्त्री की गोद में खेलता है।

(ख) जिस स्त्री का अपना बच्चा नहीं होता वह किसी बच्चे को गोद ले लेती है।

(ग) प्रत्येक पुरुष का लालन-पालन करने वाली माँ एक स्त्री ही होती है।

(घ) इनमें से कोई नहीं।"," निम्नलिखित में से स्त्री कहाँ मौजूद नहीं है?

(अ) जहां प्यार है.

(ख) जहाँ करुणा है।

(ग) जहाँ दया है।

(घ) जहाँ अहंकार है।"," नारी की शक्ति का उपयोग कैसे हो सकता है?

(क) दूसरों की सेवा करके

(ग) स्त्रियाँ यह तय करें कि उन्हें पुरुषों जैसा नहीं बनना है

(ख) पुरुषों को नियंत्रित करके

(घ) इनमें से कोई नहीं",2,2,3,4,3,"What do writers think about women?

(a) Women are weak.

(c) Women cannot be trusted.

(b) Women have great power lying dormant.

(d) None of these.","How do women have more than half the power in the world?

(a) The number of women in the world is more than half.

(b) Women also have children with them and they can change the children as per their wish.

(c) Women are more intelligent.

(d) None of these.","One day a man is in a woman's lap."" Meaning of row-

(a) After birth, a man plays in the lap of some woman as a child.

(b) A woman who does not have a child of her own adopts a child.

(c) The mother who brings up every man is a woman.

(d) None of these.","Which of the following is not a woman?

(A) Where there is love.

(b) Where there is compassion.

(c) Where there is mercy.

(d) Where there is ego.","How can the power of women be used?

(a) by serving others

(c) Women should decide that they do not want to become like men.

(b) by controlling men

(d) none of these"
"तुम्हें क्या करना चाहिए, इसका ठीक-ठीक उत्तर तुम्हीं को देना होगा, दूसरा कोई नहीं दे सकता। कैसा भी विश्वास-पात्र मित्र हो, तुम्हारे इस काम को वह अपने ऊपर नहीं ले सकता। हम अनुभवी लोगों की बातों को आदर के साथ सुनें, बुद्धिमानों की सलाह को कृतज्ञता पूर्वक मानें, पर इस बात को निश्चित समझकर कि हमारे कामों से हो हमारी रक्षा व हमारा पतन होगा। हमें अपने विचार और निर्णय को स्वतंत्रता को दृढ़ता पूर्वक बनाए रखना चाहिए। जिस पुरुष की दृष्टि सदा नीची रहती है, उसका सिर कभी ऊपर न होगा। नीची दृष्टि रखने से यद्यपि रास्ते पर रहेंगे, पर इस बात को न देखेंगे कि यह रास्ता कहाँ से जाता है। चित्त की स्वतंत्रता का मतलब चेष्टा को कठोरता या प्रकृति की उग्रता नहीं है। अपने व्यवहार में कोमल रहो और अपने उद्देश्यों को उच्च रखो, इस प्रकार नम्र और उच्चाशय दोनों बनो। अपने मन को कभी मरा हुआ न रखो। जो मनुष्य अपना लक्ष्य जितना ही ऊपर रखता है उतना ही उसका तीर ऊपर जाता है।
","मनुष्य को क्या करना चाहिए, इसका ठीक-ठीक उत्तर कौन देगा?

(क) मनुष्य को उत्तर स्वयं देना होगा।

(ख) दूसरों से उत्तर माँगना होगा।

(ग) कोई भी उत्तर नहीं दे सकता।

(घ) मनुष्य का वित्त उत्तर देगा।","हमारी रक्षा व पतन किस बात से होगा?

(ख) बुद्धिमानों की सलाह न मानकर

(क) हमारे अपने कामों से

(ग) दूसरों का आदर न करके

(घ) लक्ष्य को नीचा करके","हमें दृढ़तापूर्वक बनाए रखना चाहिए-

(क) अच्छे गुणों को

(ख) अपने कार्यों को

(ग) अपने विचार और निर्णय की स्वतंत्रता को

(घ) अपने व्यवहार को","अपना सिर ऊपर रखने के लिए मनुष्य को क्या करना चाहिए?

(क) सिर उठाकर चलना चाहिए।

(ख) नजरें नीची करके चलना चाहिए।

(ग) अपने उ‌द्देश्य को ऊँचा रखना चाहिए।

(घ) इनमें से कोई नहीं।
","इस गद्यांश का उपयुक्त शीर्षक हो सकता है-

(क) कर्मठ मनुष्य

(ख) दृढ़-चित्त मनुष्य

(ग) आगे बढ़ने के तरीके

(घ) प्रकृति की उग्रता",1,1,3,3,2,"Who will give the correct answer as to what man should do?

(a) Man will have to answer himself.

(b) Answers will have to be sought from others.

(c) No one can answer.

(d) Man's finances will answer.","What will be our salvation and downfall?

(b) By not following the advice of the wise

(a) by our own actions

(c) by not respecting others

(d) by lowering the target","We must firmly maintain-

(a) good qualities

(b) his actions

(c) Freedom of one's thoughts and decisions

(d) your behavior","What must a man do to keep his head up?

(a) One should walk with his head raised.

(b) One should walk with eyes down.

(c) Our aim should be kept high.

(d) None of these.","An appropriate title for this passage could be-

(a) hardworking man

(b) strong-minded man

(c) ways to move forward

(d) Fierceness of nature"